Statement,Header,フィールド名,フィールド価値
Statement,Data,ブローカー名,Example Broker (synthetic)
Statement,Data,期間,"2026年9月1日 - 2026年9月30日"
口座情報,Header,フィールド名,フィールド価値
口座情報,Data,口座,U0000000
口座情報,Data,名前,Example Person
未決済ポジション,Header,DataDiscriminator,資産カテゴリ,通貨,銘柄コード,数量,乗数,取得単価,取得価額,終値,評価額,未実現損益,コード
未決済ポジション,Data,Summary,株式,USD,EEE,"1,000",1,1.205,1205,1.3,1300,95,
取引,Header,DataDiscriminator,資産カテゴリ,通貨,銘柄コード,日時,数量,約定価格,終値,約定代金,手数料・費用,取得費（税抜）,実現損益,評価損益,コード
取引,Data,Order,株式,USD,AAA,"2026-09-08, 10:15:02",10,50,50.5,-500,-1,501,0,5,O
取引,Data,Order,株式,USD,AAA,"2026-09-09, 11:02:40",5,52,52.1,-260,-1,261,0,0.5,O
取引,Data,Order,株式,USD,AAA,"2026-09-10, 14:30:00",5,48,48.4,-240,-1,241,0,2,O
取引,Data,Order,株式,USD,AAA,"2026-09-11, 15:45:10",-12,55,55.2,660,-1,-605.4,53.6,0,C
取引,Data,ClosedLot,株式,USD,AAA,2026-09-08,10,50.1,,,,501,,,
取引,Data,Order,株式,USD,AAA,"2026-09-14, 09:41:00",-8,56,56,448,-1,-397.6,49.4,0,C
取引,SubTotal,,株式,USD,AAA,,0,,,108,-5,,103,7.5,
取引,Data,Order,株式,USD,BBB,"2026-09-14, 13:00:00",3,100,100,-300,-1,301,0,0,O
取引,Data,Order,株式,USD,BBB,"2026-09-15, 10:05:00",-3,98,98,294,-1,-301,-8,0,C
取引,Data,Order,株式,USD,CCC,"2026-09-15, 12:20:00",-2,30,30,60,-1,-51.5,7.5,0,C
取引,Data,Order,株式,USD,ONDS,"2026-09-15, 10:00:00",10,9,9,-90,-1,91,0,0,O
取引,Data,Order,株式,USD,ONDS,"2026-09-16, 10:00:00",-10,10,10,100,-1,-91,8,0,C
取引,Data,Order,株式,USD,EEE,"2026-09-16, 10:30:00","1,000",1.2,1.3,"-1,200",-5,1205,0,95,O
取引,Total,,株式,USD,,,,,,"-1,268",-15,,110.5,104.5,
取引,Header,DataDiscriminator,資産カテゴリ,通貨,銘柄コード,日時,数量,約定価格,,約定代金,手数料 / JPY,,,評価損益 / JPY,コード
取引,Data,Order,外国為替,JPY,USD.JPY,"2026-09-07, 21:00:00","1,000",147.5,,-147500,-200,,,0,
取引,Total,,外国為替,JPY,,,,,,-147500,-200,,,0,
実現損益・未実現損益の概要,Header,資産カテゴリ,銘柄コード,簿価調整,実現損益 短期利益,実現損益 短期損失,実現損益 長期利益,実現損益 長期損失,実現損益 合計,コード
実現損益・未実現損益の概要,Data,株式,AAA,0,103,0,0,0,103,
入出金,Header,通貨,受渡日,内容,金額
入出金,Data,JPY,2026-09-02,Electronic Fund Transfer,100000
配当,Header,通貨,日付,内容,金額
配当,Data,USD,2026-09-20,AAA Cash Dividend (synthetic),0.5
