book,side,rank,ticker,companyName,descriptionJa,descriptionSource,sector,entryDate,exitDate,holdSessions,pnlUsd,entry,exit,atrPct,boxWidthPct,entryPosPct,rs20,above50,profitStatus,exitReason,earningsDuring,newsText,newsUrl,seenIn
none,winner,1,DELL,Dell Technologies Inc.,電子計算機（Dell Technologies Inc.）,SEC SIC 3571 Electronic Computers,Information Technology,2024-02-26,2024-03-01,4,127.5,92.62,124.67,3.2296,15.1447,99.5078,0.0474,true,profit,take-profit,2024-03-01,2024-02-29の決算で、AI向けサーバの受注が前四半期比で約40%増え、受注残は29億ドルだったと説明。,https://www.reuters.com/technology/dell-shares-soar-annual-forecast-gets-boost-ai-adoption-2024-03-01/,adv/oos
none,winner,2,HIMS,"Hims & Hers Health, Inc.","医業の診療所（Hims & Hers Health, Inc.）",SEC SIC 8011 Services-Offices & Clinics of  Doctors of  Medicine,Health Care,2025-04-08,2025-04-29,14,121.4,29.8,37.94,12.4555,61.4101,39.606,-0.0941,false,profit,take-profit,,,,adv/in
none,winner,3,CIEN,CIENA CORP,電話・電信機器（CIENA CORP）,SEC SIC 3661 Telephone & Telegraph Apparatus,Information Technology,2025-08-29,2025-09-04,3,70.3,97.25,115,3.2617,17.1425,88.7353,0.0278,true,profit,take-profit,2025-09-04,,,pit/in
none,winner,4,XYZ,"Block, Inc.","パッケージソフト（Block, Inc.）",SEC SIC 7372 Services-Prepackaged Software,Financials,2023-11-02,2023-11-03,1,70.2,43.71,50.8,4.8184,22.3552,55.9585,-0.0177,false,loss,take-profit,2023-11-03,,,adv/oos
none,winner,5,OKLO,Oklo Inc.,電力（Oklo Inc.）,SEC SIC 4911 Electric Services,unmapped,2026-01-08,2026-01-09,1,69.86,96.71,114.35,6.291,51.7782,70.4552,-0.0757,false,loss,take-profit,,,,adv/in
none,winner,6,DECK,DECKERS OUTDOOR CORP,ゴム・プラスチックの靴（DECKERS OUTDOOR CORP）,SEC SIC 3021 Rubber & Plastics Footwear,Consumer Discretionary,2025-07-22,2025-07-25,3,69.06,106,123.44,3.0522,15.2091,78.6111,-0.0245,false,profit,take-profit,2025-07-25,,,pit/in
none,winner,7,CEG,Constellation Energy Corp,電力（Constellation Energy Corp）,SEC SIC 4911 Electric Services,Utilities,2024-09-18,2024-09-20,2,65.7,201.96,235.16,3.6167,19.6796,91.8598,0.0376,true,profit,take-profit,,,,pit/oos|adv/oos
none,winner,8,CRWV,"CoreWeave, Inc.","パッケージソフト（CoreWeave, Inc.）",SEC SIC 7372 Services-Prepackaged Software,unmapped,2026-04-01,2026-04-08,4,61.78,79.49,91.985,7.6067,32.1668,57.1296,0.0941,false,loss,take-profit,,,,adv/in
none,winner,9,GM,General Motors Co,自動車と車体（General Motors Co）,SEC SIC 3711 Motor Vehicles & Passenger Car Bodies,Consumer Discretionary,2023-11-15,2023-11-29,9,60.1,28.07,31.87,3.7816,15.019,44.8101,-0.0994,false,profit,take-profit,,,,adv/oos
none,winner,10,APLD,Applied Digital Corp.,計算機処理とデータ準備（Applied Digital Corp.）,SEC SIC 7374 Services-Computer Processing & Data Preparation,unmapped,2026-02-09,2026-02-09,0,59.41,34.3,38.9241,13.2306,53.0413,45.5973,0.0926,true,loss,take-profit,,,,adv/in
none,winner,11,XYZ,"Block, Inc.","パッケージソフト（Block, Inc.）",SEC SIC 7372 Services-Prepackaged Software,Financials,2024-01-30,2024-02-23,17,56.06,70.35,79.81,3.9603,29.015,47.4916,-0.163,true,loss,take-profit,2024-02-23,,,adv/oos
none,winner,12,AES,AES CORP,コージェネレーションと小規模発電（AES CORP）,SEC SIC 4991 Cogeneration Services & Small Power Producers,Utilities,2025-07-03,2025-07-09,3,53.9,11.36,12.76,4.319,17.4651,76.5714,0.0429,true,profit,take-profit,,,,pit/in
none,winner,13,AMTM,"Amentum Holdings, Inc.","他に分類されない事業サービス（Amentum Holdings, Inc.）","SEC SIC 7389 Services-Business Services, NEC",unmapped,2025-11-20,2025-11-25,3,46.9,25.55,28.35,4.2708,22.6433,92.887,0.1501,true,profit,take-profit,2025-11-25,,,pit/in
none,winner,14,CVNA,CARVANA CO.,自動車販売と給油所（CARVANA CO.）,SEC SIC 5500 Retail-Auto Dealers & Gasoline Stations,Consumer Discretionary,2023-08-21,2023-08-28,5,46.68,7.884,8.7153,10.6006,46.3756,17.762,-0.1058,true,loss,take-profit,,,,adv/oos
none,winner,15,XYZ,"Block, Inc.","パッケージソフト（Block, Inc.）",SEC SIC 7372 Services-Prepackaged Software,Financials,2022-12-12,2022-12-13,1,45.36,63.79,70.37,5.0788,27.0776,25.7975,-0.038,true,loss,take-profit,,,,adv/oos
none,winner,16,DXCM,DEXCOM INC,外科・医療用機器（DEXCOM INC）,SEC SIC 3841 Surgical & Medical Instruments & Apparatus,Health Care,2023-10-19,2023-10-27,6,44.5,83.69,92.73,5.5762,30.5418,39.159,-0.0727,false,profit,take-profit,2023-10-27,,,adv/oos
none,winner,17,ANET,"Arista Networks, Inc.","コンピュータ通信機器（Arista Networks, Inc.）",SEC SIC 3576 Computer Communications Equipment,Information Technology,2026-08-04,2026-08-05,1,44.28,187.7,210.19,5.7615,21.0259,93.5804,0.0585,true,profit,take-profit,2026-08-05,,,adv/in
none,winner,18,HIMS,"Hims & Hers Health, Inc.","医業の診療所（Hims & Hers Health, Inc.）",SEC SIC 8011 Services-Offices & Clinics of  Doctors of  Medicine,Health Care,2025-06-30,2025-07-23,16,44.12,50.76,56.3624,11.3386,64.7994,37.2971,-0.0992,true,profit,take-profit,,,,adv/in
none,winner,19,VST,Vistra Corp.,電力（Vistra Corp.）,SEC SIC 4911 Electric Services,Utilities,2025-01-29,2025-01-30,1,43.67,147.25,162.04,9.8837,50.7203,21.7993,0.0331,false,profit,take-profit,,,,pit/in|adv/in
none,winner,20,IREN,IREN Ltd,金融サービス（IREN Ltd）,SEC SIC 6199 Finance Services,unmapped,2026-09-01,2026-09-02,1,40.79,36.08,39.5371,9.3146,41.2956,8.8348,-0.0787,false,loss,take-profit,,,,adv/in
none,loser,1,CLF,CLEVELAND-CLIFFS INC.,金属鉱業（CLEVELAND-CLIFFS INC.）,SEC SIC 1000 Metal Mining,Materials,2026-06-03,2026-06-26,16,-142.6,14.68,9.95,4.8766,49.5531,92.3848,0.3811,true,loss,stop,,,,pit/in
none,loser,2,OKLO,Oklo Inc.,電力（Oklo Inc.）,SEC SIC 4911 Electric Services,unmapped,2026-01-09,2026-02-04,17,-139.06,114.35,68.23,6.0122,47.5727,129.0122,-0.0704,true,loss,stop,,,,adv/in
none,loser,3,ALAB,"Astera Labs, Inc.","半導体と関連装置（Astera Labs, Inc.）",SEC SIC 3674 Semiconductors & Related Devices,unmapped,2026-02-10,2026-02-12,2,-130.75,191.605,126.58,7.4759,38.0364,103.4512,0.1543,true,profit,stop,2026-02-11,,,adv/in
none,loser,4,CALX,"CALIX, INC","他に分類されない通信サービス（CALIX, INC）","SEC SIC 4899 Communications Services, NEC",unmapped,2024-01-23,2024-01-30,5,-115.7,44.99,33.49,3.2001,9.0116,99.7312,0.0215,true,profit,gap-through-stop,2024-01-30,,,pit/oos
none,loser,5,SEDG,"SOLAREDGE TECHNOLOGIES, INC.","半導体と関連装置（SOLAREDGE TECHNOLOGIES, INC.）",SEC SIC 3674 Semiconductors & Related Devices,unmapped,2023-12-15,2024-01-17,20,-115.58,97.5,68.78,5.888,37.9621,97.5565,0.1537,true,profit,gap-through-stop,,,,pit/oos|adv/oos
none,loser,6,SEDG,"SOLAREDGE TECHNOLOGIES, INC.","半導体と関連装置（SOLAREDGE TECHNOLOGIES, INC.）",SEC SIC 3674 Semiconductors & Related Devices,unmapped,2023-10-24,2023-11-02,7,-114.6,86.68,63.9,11.6007,87.8541,22.5071,-0.3245,false,profit,gap-through-stop,2023-11-02,,,adv/oos
none,loser,7,CIFR,Cipher Digital Inc.,金融サービス（Cipher Digital Inc.）,SEC SIC 6199 Finance Services,unmapped,2025-12-02,2025-12-31,20,-112.24,19.83,14.76,10.1087,94.958,54.2237,0.0584,true,loss,timeout,,,,adv/in
none,loser,8,TTD,"Trade Desk, Inc.","コンピュータプログラミングとデータ処理（Trade Desk, Inc.）","SEC SIC 7370 Services-Computer Programming, Data Processing, Etc.",unmapped,2025-02-11,2025-02-13,2,-107.52,120.7,85.095,3.4738,12.1878,59.8833,-0.0105,false,profit,gap-through-stop,2025-02-13,,,adv/in
none,loser,9,INTU,INTUIT INC.,パッケージソフト（INTUIT INC.）,SEC SIC 7372 Services-Prepackaged Software,Information Technology,2026-05-19,2026-05-21,2,-107.47,419.06,312.29,4.3618,14.3871,100.1139,-0.0464,false,profit,gap-through-stop,2026-05-21,,,adv/in
none,loser,10,RDDT,"Reddit, Inc.","計算機処理とデータ準備（Reddit, Inc.）",SEC SIC 7374 Services-Computer Processing & Data Preparation,Communication Services,2026-07-07,2026-07-31,18,-106.96,200.83,147.7,6.1876,35.9581,87.7756,0.0998,true,profit,gap-through-stop,2026-07-31,,,adv/in
none,loser,11,ECHO,EchoStar CORP,他に分類されない通信サービス（EchoStar CORP）,"SEC SIC 4899 Communications Services, NEC",Communication Services,2025-05-15,2025-06-03,12,-100.9,22.5,17.49,7.2369,43.5227,63.9687,-0.1012,false,loss,gap-through-stop,,,,pit/in
none,loser,12,MAN,ManpowerGroup Inc.,人材派遣（ManpowerGroup Inc.）,SEC SIC 7363 Services-Help Supply Services,unmapped,2026-02-02,2026-02-17,10,-94.18,36.15,28.36,4.5023,26.9647,97.4093,0.2073,true,loss,stop,,,,pit/in
none,loser,13,TNDM,TANDEM DIABETES CARE INC,外科・医療用機器（TANDEM DIABETES CARE INC）,SEC SIC 3841 Surgical & Medical Instruments & Apparatus,unmapped,2024-07-16,2024-07-26,8,-93.58,47.93,37.61,3.6626,22.7479,106.6097,0.0055,true,loss,gap-through-stop,,,,pit/oos
none,loser,14,VFC,V F CORP,紳士・少年向け衣料（V F CORP）,"SEC SIC 2320 Men's & Boys' Furnishgs, Work Clothg, & Allied Garments",Consumer Discretionary,2023-10-19,2023-10-31,8,-93.58,18.6,14.73,4.7645,24.2224,95.3552,0.0645,true,profit,stop,2023-10-31,,,pit/oos
none,loser,15,NVDA,NVIDIA CORP,半導体と関連装置（NVIDIA CORP）,SEC SIC 3674 Semiconductors & Related Devices,Information Technology,2025-02-18,2025-03-04,10,-92.56,141.27,110.65,4.4328,31.8202,78.5873,0.009,true,profit,gap-through-stop,2025-02-27,2025-03-03、関税の表明を受けて同日の株価が下落したとForbesが報じた。,https://www.forbes.com/sites/dereksaul/2025/03/03/nvidia-falls-9-as-trumps-tariffs-pledge-routs-stocks-on-monday/,adv/in
none,loser,16,COHR,COHERENT CORP.,光学機器とレンズ（COHERENT CORP.）,SEC SIC 3827 Optical Instruments & Lenses,Information Technology,2026-06-16,2026-07-02,11,-91.08,423.74,333.36,9.522,31.1554,84.4432,0.0609,true,profit,stop,,,,adv/in
none,loser,17,VST,Vistra Corp.,電力（Vistra Corp.）,SEC SIC 4911 Electric Services,Utilities,2025-01-31,2025-02-27,18,-90.68,175,130.01,8.9758,50.7203,63.0632,0.2299,true,profit,stop,2025-02-27,,,pit/in|adv/in
none,loser,18,HOOD,"Robinhood Markets, Inc.","証券ブローカーとディーラー（Robinhood Markets, Inc.）","SEC SIC 6211 Security Brokers, Dealers & Flotation Companies",Financials,2025-10-27,2025-11-14,14,-90.22,144.99,115.15,5.7516,27.2833,73.1049,0.1246,true,profit,gap-through-stop,2025-11-03|2025-11-06,,,adv/in
none,loser,19,CRWV,"CoreWeave, Inc.","パッケージソフト（CoreWeave, Inc.）",SEC SIC 7372 Services-Prepackaged Software,unmapped,2025-10-27,2025-11-06,8,-86.62,135.57,106.93,7.8725,34.1859,54.8296,0.0781,true,unknown,stop,,,,adv/in
none,loser,20,ON,ON SEMICONDUCTOR CORP,半導体と関連装置（ON SEMICONDUCTOR CORP）,SEC SIC 3674 Semiconductors & Related Devices,Information Technology,2026-02-12,2026-03-06,15,-85.78,71.05,56.87,4.316,24.4661,95.5287,0.2007,true,profit,stop,,,,adv/in
F1iF2,winner,1,HIMS,"Hims & Hers Health, Inc.","医業の診療所（Hims & Hers Health, Inc.）",SEC SIC 8011 Services-Offices & Clinics of  Doctors of  Medicine,Health Care,2025-04-08,2025-04-29,14,121.4,29.8,37.94,12.4555,61.4101,39.606,-0.0941,false,profit,take-profit,,,,adv/in
F1iF2,winner,2,DECK,DECKERS OUTDOOR CORP,ゴム・プラスチックの靴（DECKERS OUTDOOR CORP）,SEC SIC 3021 Rubber & Plastics Footwear,Consumer Discretionary,2025-07-22,2025-07-25,3,69.06,106,123.44,3.0522,15.2091,78.6111,-0.0245,false,profit,take-profit,2025-07-25,,,pit/in
F1iF2,winner,3,CEG,Constellation Energy Corp,電力（Constellation Energy Corp）,SEC SIC 4911 Electric Services,Utilities,2024-09-18,2024-09-20,2,65.7,201.96,235.16,3.6167,19.6796,91.8598,0.0376,true,profit,take-profit,,,,pit/oos
F1iF2,winner,4,GM,General Motors Co,自動車と車体（General Motors Co）,SEC SIC 3711 Motor Vehicles & Passenger Car Bodies,Consumer Discretionary,2023-11-15,2023-11-29,9,60.1,28.07,31.87,3.7816,15.019,44.8101,-0.0994,false,profit,take-profit,,,,adv/oos
F1iF2,winner,5,AES,AES CORP,コージェネレーションと小規模発電（AES CORP）,SEC SIC 4991 Cogeneration Services & Small Power Producers,Utilities,2025-07-03,2025-07-09,3,53.9,11.36,12.76,4.319,17.4651,76.5714,0.0429,true,profit,take-profit,,,,pit/in
F1iF2,winner,6,AMTM,"Amentum Holdings, Inc.","他に分類されない事業サービス（Amentum Holdings, Inc.）","SEC SIC 7389 Services-Business Services, NEC",unmapped,2025-11-20,2025-11-25,3,46.9,25.55,28.35,4.2708,22.6433,92.887,0.1501,true,profit,take-profit,2025-11-25,,,pit/in
F1iF2,winner,7,DXCM,DEXCOM INC,外科・医療用機器（DEXCOM INC）,SEC SIC 3841 Surgical & Medical Instruments & Apparatus,Health Care,2023-10-19,2023-10-27,6,44.5,83.69,92.73,5.5762,30.5418,39.159,-0.0727,false,profit,take-profit,2023-10-27,,,adv/oos
F1iF2,winner,8,APP,AppLovin Corp,コンピュータプログラミングとデータ処理（AppLovin Corp）,"SEC SIC 7370 Services-Computer Programming, Data Processing, Etc.",Communication Services,2026-04-15,2026-04-16,1,44.35,438.95,484,6.4676,29.717,68.577,-0.0817,true,profit,take-profit,,,,adv/in
F1iF2,winner,9,ANET,"Arista Networks, Inc.","コンピュータ通信機器（Arista Networks, Inc.）",SEC SIC 3576 Computer Communications Equipment,Information Technology,2026-08-04,2026-08-05,1,44.28,187.7,210.19,5.7615,21.0259,93.5804,0.0585,true,profit,take-profit,2026-08-05,,,adv/in
F1iF2,winner,10,HIMS,"Hims & Hers Health, Inc.","医業の診療所（Hims & Hers Health, Inc.）",SEC SIC 8011 Services-Offices & Clinics of  Doctors of  Medicine,Health Care,2025-06-30,2025-07-23,16,44.12,50.76,56.3624,11.3386,64.7994,37.2971,-0.0992,true,profit,take-profit,,,,adv/in
F1iF2,winner,11,VST,Vistra Corp.,電力（Vistra Corp.）,SEC SIC 4911 Electric Services,Utilities,2025-01-29,2025-01-30,1,43.67,147.25,162.04,9.8837,50.7203,21.7993,0.0331,false,profit,take-profit,,,,pit/in|adv/in
F1iF2,winner,12,CRWV,"CoreWeave, Inc.","パッケージソフト（CoreWeave, Inc.）",SEC SIC 7372 Services-Prepackaged Software,unmapped,2026-02-09,2026-02-13,4,39.79,90.07,100.1914,11.2523,54.6622,39.7281,0.1652,true,unknown,take-profit,,,,adv/in
F1iF2,winner,13,CRDO,Credo Technology Group Holding Ltd,半導体と関連装置（Credo Technology Group Holding Ltd）,SEC SIC 3674 Semiconductors & Related Devices,unmapped,2026-03-06,2026-03-16,6,39.08,111.17,121.115,8.6674,53.3477,37.5911,0.1906,false,profit,take-profit,,,,adv/in
F1iF2,winner,14,CLS,CELESTICA INC,プリント基板（CELESTICA INC）,SEC SIC 3672 Printed Circuit Boards,unmapped,2025-04-08,2025-04-09,1,38.3,75.9,83.6993,11.0801,74.8837,41.0628,-0.0323,false,unknown,take-profit,,,,adv/in
F1iF2,winner,15,VST,Vistra Corp.,電力（Vistra Corp.）,SEC SIC 4911 Electric Services,Utilities,2024-11-06,2024-11-07,1,38.12,125.17,138.11,5.0136,25.0942,48.8563,-0.0535,true,profit,take-profit,2024-11-07,,,adv/in
F1iF2,winner,16,CRWV,"CoreWeave, Inc.","パッケージソフト（CoreWeave, Inc.）",SEC SIC 7372 Services-Prepackaged Software,unmapped,2025-12-22,2026-01-14,15,37.05,84.99,92.5394,9.0957,42.9781,77.2794,0.1562,false,unknown,take-profit,,,,adv/in
F1iF2,winner,17,GMED,GLOBUS MEDICAL INC,外科・医療用機器（GLOBUS MEDICAL INC）,SEC SIC 3841 Surgical & Medical Instruments & Apparatus,Health Care,2026-07-17,2026-08-07,15,36.2,80.74,88.12,4.791,16.064,53.1381,0.0432,true,profit,take-profit,2026-08-07,,,pit/in
F1iF2,winner,18,PVH,PVH CORP. /DE/,紳士・少年向け衣料（PVH CORP. /DE/）,"SEC SIC 2320 Men's & Boys' Furnishgs, Work Clothg, & Allied Garments",Consumer Discretionary,2025-04-10,2025-04-23,8,35.48,68.79,74.82,8.529,32.473,49.4026,0.0849,false,profit,take-profit,,,,pit/in
F1iF2,winner,19,UAL,"United Airlines Holdings, Inc.","定期航空輸送（United Airlines Holdings, Inc.）","SEC SIC 4512 Air Transportation, Scheduled",Industrials,2024-12-27,2025-01-10,8,35.42,100.44,109.47,3.6057,16.5465,68.8338,0.044,true,profit,take-profit,,,,pit/in
F1iF2,winner,20,LRCX,LAM RESEARCH CORP,他に分類されない特殊産業用機械（LAM RESEARCH CORP）,"SEC SIC 3559 Special Industry Machinery, NEC",Information Technology,2022-12-09,2022-12-13,2,35.35,44.949,48.554,3.3382,14.9369,16.0287,-0.0077,true,profit,take-profit,,,,adv/oos
F1iF2,loser,1,SMCI,"Super Micro Computer, Inc.","電子計算機（Super Micro Computer, Inc.）",SEC SIC 3571 Electronic Computers,Information Technology,2024-11-08,2024-11-14,4,-131.6,25.69,17.99,16.7108,150.5446,18.0533,-0.4855,false,unknown,gap-through-stop,,2024-11-13に10-Qの期限延長届を提出。監査法人の辞任後、後任が未定だと記載。,https://d18rn0p25nwr6d.cloudfront.net/CIK-0001375365/0f60054b-7835-4438-9c3e-91b27c9287e7.html,adv/in
F1iF2,loser,2,CALX,"CALIX, INC","他に分類されない通信サービス（CALIX, INC）","SEC SIC 4899 Communications Services, NEC",unmapped,2024-01-23,2024-01-30,5,-115.7,44.99,33.49,3.2001,9.0116,99.7312,0.0215,true,profit,gap-through-stop,2024-01-30,,,pit/oos
F1iF2,loser,3,SEDG,"SOLAREDGE TECHNOLOGIES, INC.","半導体と関連装置（SOLAREDGE TECHNOLOGIES, INC.）",SEC SIC 3674 Semiconductors & Related Devices,unmapped,2023-12-15,2024-01-17,20,-115.58,97.5,68.78,5.888,37.9621,97.5565,0.1537,true,profit,gap-through-stop,,,,pit/oos|adv/oos
F1iF2,loser,4,SEDG,"SOLAREDGE TECHNOLOGIES, INC.","半導体と関連装置（SOLAREDGE TECHNOLOGIES, INC.）",SEC SIC 3674 Semiconductors & Related Devices,unmapped,2023-10-24,2023-11-02,7,-114.6,86.68,63.9,11.6007,87.8541,22.5071,-0.3245,false,profit,gap-through-stop,2023-11-02,,,adv/oos
F1iF2,loser,5,RDDT,"Reddit, Inc.","計算機処理とデータ準備（Reddit, Inc.）",SEC SIC 7374 Services-Computer Processing & Data Preparation,Communication Services,2026-07-07,2026-07-31,18,-106.96,200.83,147.7,6.1876,35.9581,87.7756,0.0998,true,profit,gap-through-stop,2026-07-31,,,adv/in
F1iF2,loser,6,COHR,COHERENT CORP.,光学機器とレンズ（COHERENT CORP.）,SEC SIC 3827 Optical Instruments & Lenses,Information Technology,2026-06-16,2026-07-02,11,-91.08,423.74,333.36,9.522,31.1554,84.4432,0.0609,true,profit,stop,,,,adv/in
F1iF2,loser,7,VST,Vistra Corp.,電力（Vistra Corp.）,SEC SIC 4911 Electric Services,Utilities,2025-01-31,2025-02-27,18,-90.68,175,130.01,8.9758,50.7203,63.0632,0.2299,true,profit,stop,2025-02-27,,,pit/in|adv/in
F1iF2,loser,8,HOOD,"Robinhood Markets, Inc.","証券ブローカーとディーラー（Robinhood Markets, Inc.）","SEC SIC 6211 Security Brokers, Dealers & Flotation Companies",Financials,2025-10-27,2025-11-14,14,-90.22,144.99,115.15,5.7516,27.2833,73.1049,0.1246,true,profit,gap-through-stop,2025-11-03|2025-11-06,,,adv/in
F1iF2,loser,9,BRBR,"BELLRING BRANDS, INC.","食品および関連製品（BELLRING BRANDS, INC.）",SEC SIC 2000 Food and Kindred Products,unmapped,2025-07-29,2025-08-05,5,-88.7,55.31,44.31,3.0407,10.9867,29.6517,-0.0876,false,profit,gap-through-stop,2025-08-05,,,pit/in
F1iF2,loser,10,CRWV,"CoreWeave, Inc.","パッケージソフト（CoreWeave, Inc.）",SEC SIC 7372 Services-Prepackaged Software,unmapped,2025-10-27,2025-11-06,8,-86.62,135.57,106.93,7.8725,34.1859,54.8296,0.0781,true,unknown,stop,,,,adv/in
F1iF2,loser,11,ON,ON SEMICONDUCTOR CORP,半導体と関連装置（ON SEMICONDUCTOR CORP）,SEC SIC 3674 Semiconductors & Related Devices,Information Technology,2026-02-12,2026-03-06,15,-85.78,71.05,56.87,4.316,24.4661,95.5287,0.2007,true,profit,stop,,,,adv/in
F1iF2,loser,12,LSCC,LATTICE SEMICONDUCTOR CORP,半導体と関連装置（LATTICE SEMICONDUCTOR CORP）,SEC SIC 3674 Semiconductors & Related Devices,Information Technology,2026-02-12,2026-03-13,20,-84.1,106.62,85.77,4.9406,36.9043,96.1777,0.2282,true,unknown,timeout,,,,pit/in
F1iF2,loser,13,HALO,"HALOZYME THERAPEUTICS, INC.","生物学的製剤（診断用を除く）（HALOZYME THERAPEUTICS, INC.）","SEC SIC 2836 Biological Products, (No Diagnostic Substances)",Health Care,2024-11-07,2024-11-15,6,-83.65,60.66,48.81,3.1056,25.9009,93.4387,0.1727,true,profit,gap-through-stop,,,,pit/in
F1iF2,loser,14,P,"Everpure, Inc.","コンピュータ記憶装置（Everpure, Inc.）",SEC SIC 3572 Computer Storage Devices,Information Technology,2026-06-02,2026-06-10,6,-82.7,84.84,68.44,7.0425,35.7225,63.2686,0.1266,true,profit,gap-through-stop,,,,pit/in
F1iF2,loser,15,TSLA,"Tesla, Inc.","自動車と車体（Tesla, Inc.）",SEC SIC 3711 Motor Vehicles & Passenger Car Bodies,Consumer Discretionary,2026-07-01,2026-07-23,15,-81.16,421.46,341,4.1551,17.6343,81.3231,0.0269,true,profit,gap-through-stop,2026-07-02|2026-07-23,,,adv/in
F1iF2,loser,16,IRDM,Iridium Communications Inc.,他に分類されない通信サービス（Iridium Communications Inc.）,"SEC SIC 4899 Communications Services, NEC",unmapped,2026-06-30,2026-07-29,20,-78.06,54.03,44.36,7.4151,35.8867,92.1757,0.0747,true,profit,timeout,2026-07-22,,,pit/in
F1iF2,loser,17,LW,"Lamb Weston Holdings, Inc.","缶詰・冷凍の果実、野菜、食品（Lamb Weston Holdings, Inc.）","SEC SIC 2030 Canned, Frozen & Preservd Fruit, Veg & Food Specialties",unmapped,2024-12-17,2024-12-19,2,-77.45,81.31,65.96,3.3652,19.376,80.405,0.0534,true,profit,gap-through-stop,2024-12-19,,,pit/in
F1iF2,loser,18,CRDO,Credo Technology Group Holding Ltd,半導体と関連装置（Credo Technology Group Holding Ltd）,SEC SIC 3674 Semiconductors & Related Devices,unmapped,2026-01-14,2026-02-02,12,-76.28,159.5,121.71,5.8642,32.1091,86.9131,0.1038,true,profit,gap-through-stop,,,,adv/in
F1iF2,loser,19,MU,MICRON TECHNOLOGY INC,半導体と関連装置（MICRON TECHNOLOGY INC）,SEC SIC 3674 Semiconductors & Related Devices,Information Technology,2025-02-19,2025-03-10,13,-75.42,105.76,87.08,3.8561,26.6972,78.9451,-0.0134,true,profit,stop,,,,adv/in
F1iF2,loser,20,NRG,"NRG ENERGY, INC.","電力（NRG ENERGY, INC.）",SEC SIC 4911 Electric Services,Utilities,2022-12-01,2022-12-06,3,-74.3,42.95,35.59,3.0928,12.2274,42.8858,-0.0961,true,profit,gap-through-stop,,,,pit/oos
